question_id,question,answer_a,answer_b,run1_winner,run2_raw_winner,run2_winner_normalized,winner_after_swap,judge_accuracy_winner,judge_concise_winner,cross_judge_winner,run1_score_a,run1_score_b,len_a,len_b,reason,judge_mode
1,Nghị định 13/2023/ND-CP quy định về nội dung gì?,"Nghị định 13/2023/NĐ-CP quy định về bảo vệ dữ liệu cá nhân và trách nhiệm bảo vệ dữ liệu cá nhân của cơ quan, tổ chức, cá nhân có liên quan.","Đoạn văn này nằm ở phần đầu của tài liệu ""Nghi_dinh_13_2023_extracted.md"" và nói về Nghị định số 13/2023/NĐ-CP của Chính phủ Việt Nam liên quan đến việc bảo vệ dữ liệu cá nhân. CHÍNH PHỦ CỘNG HÒA XÃ HỘI CHỦ NGHĨA VIỆT NAM Độc lập - Tự do - Hạnh phúc Số: 13/202",A,B,A,A,A,A,A,1.0,0.0,140,260,"Answer A provides a clear and accurate summary of the content of Nghị định 13/2023/NĐ-CP, directly addressing the question. Answer B, while mentioning the decree, does not provide a specific answer to the question and includes irrelevant information.",openai_pairwise_judge
2,"Nghị định 13 áp dụng với cơ quan, tổ chức, cá nhân nước ngoài tại đâu?","Nghị định 13 áp dụng với cơ quan, tổ chức, cá nhân nước ngoài tại Việt Nam.","Đoạn văn này nằm trong tài liệu ""Nghị định 13/2023"" và nói về đối tượng áp dụng của nghị định, bao gồm các cơ quan, tổ chức và cá nhân trong và ngoài nước. liên quan. 2. Nghị định này áp dụng đối với: a) Cơ quan, tổ chức, cá nhân Việt Nam; b) Cơ quan, tổ chức,",A,B,A,A,A,A,A,10.0,7.0,75,260,"Answer A provides a direct and accurate response to the question, clearly stating that Nghị định 13 applies to foreign organizations and individuals in Vietnam. Answer B, while informative, includes unnecessary details and does not directly answer the question as clearly as Answer A.",openai_pairwise_judge
3,"Theo Điều 2, dữ liệu cá nhân là gì?","Dữ liệu cá nhân được định nghĩa là thông tin dưới dạng ký hiệu, chữ viết, chữ số, hình ảnh, âm thanh hoặc dạng tương tự trên môi trường điện tử gắn liên với một con người cụ thể hoặc giúp xác định một con người cụ thể.","Đoạn văn này nằm trong tài liệu ""Nghi_dinh_13_2023_extracted.md"" và nói về định nghĩa dữ liệu cá nhân trong bối cảnh bảo vệ thông tin cá nhân. đây được hiểu như sau: 1. Dữ liệu cá nhân là thông tin dưới dạng ký hiệu, chữ viết, chữ số, hình ảnh, âm thanh hoặc d",A,B,A,A,A,A,A,1.0,0.5,218,260,"Answer A provides a complete and accurate definition of personal data as per the ground truth, while Answer B is incomplete and focuses more on the source rather than the definition itself.",openai_pairwise_judge
4,Hình ảnh của cá nhân thuộc loại dữ liệu nào?,Không tìm thấy thông tin trong tài liệu.,"Đoạn văn này nằm trong tài liệu ""Nghi_dinh_13_2023_extracted.md"" và nói về định nghĩa dữ liệu cá nhân trong bối cảnh bảo vệ thông tin cá nhân. đây được hiểu như sau: 1. Dữ liệu cá nhân là thông tin dưới dạng ký hiệu, chữ viết, chữ số, hình ảnh, âm thanh hoặc d",B,A,B,B,B,A,tie,0.0,1.0,40,260,"Answer B provides relevant information about personal data, including the definition and context, while Answer A fails to provide any information.",openai_pairwise_judge
5,"Thông tin về đời sống tình dục, xu hướng tình dục là dữ liệu gì?","Thông tin về đời sống tình dục, xu hướng tình dục là dữ liệu cá nhân nhạy cảm.","Đoạn văn này nằm trong tài liệu ""Nghi_dinh_13_2023_extracted.md"" và đề cập đến việc thu thập và lưu trữ dữ liệu liên quan đến đời sống tình dục, tội phạm và thông tin khách hàng trong lĩnh vực tài chính. in về đời sống tình dục, xu hướng tình dục của cá nhân; ",A,B,A,A,A,A,A,1.0,0.0,78,260,"Answer A is factually accurate and directly answers the question, while Answer B provides irrelevant information and lacks clarity.",openai_pairwise_judge
6,Xử lý dữ liệu cá nhân gồm những hoạt động nào?,"Các hoạt động liên quan đến việc xử lý dữ liệu cá nhân bao gồm: thu thập, ghi, phân tích, xác nhận, lưu trữ, chỉnh sửa, công khai, kết hợp, truy cập, truy xuất, thụ hỏi, mã hóa, giải mã, sao chép, chia sẻ, truyền đưa, cung cấp, chuyển giao, xóa, hủy dữ liệu.","Đoạn văn này nằm trong tài liệu ""Nghi_dinh_13_2023_extracted.md"" và nói về các hoạt động liên quan đến việc xử lý dữ liệu cá nhân. n là một hoặc nhiều hoạt động tác động tới dữ liệu cá nhân, như: thu thập, ghi, phân tích, xác nhận, lưu trữ, chỉnh sửa, công kha",A,B,A,A,A,A,A,8.0,5.0,258,260,"Answer A provides a comprehensive list of activities related to personal data processing, closely aligning with the ground truth. Answer B, while mentioning some relevant activities, is incomplete and less focused on the question.",openai_pairwise_judge
7,"Nguyên tắc nào yêu cầu dữ liệu phải thu thập phù hợp, giới hạn?",Không tìm thấy thông tin trong tài liệu.,"Đoạn văn này nằm trong tài liệu ""Nghi_dinh_13_2023_extracted.md"" và nói về quy định liên quan đến việc xử lý và bảo vệ dữ liệu cá nhân. liệu cá nhân, Bên Kiểm soát và xử lý dữ liệu cá nhân, Bên thứ ba đang ký, tuyên bố về xử lý dữ liệu cá nhân. 4. Dữ liệu cá n",B,A,B,B,B,A,tie,0.0,3.0,40,260,"Answer B provides relevant context about data processing regulations and mentions personal data, aligning with the question's focus on data collection principles, while Answer A fails to provide any information.",openai_pairwise_judge
8,Dữ liệu cá nhân có được mua bán không?,"Dữ liệu cá nhân không được mua, bán dưới mọi hình thức, trừ khi có sự đồng ý rõ ràng từ cá nhân liên quan.","Đoạn văn này nằm trong tài liệu ""Nghi_dinh_13_2023_extracted.md"" và nói về quy định liên quan đến việc xử lý và bảo vệ dữ liệu cá nhân. liệu cá nhân, Bên Kiểm soát và xử lý dữ liệu cá nhân, Bên thứ ba đang ký, tuyên bố về xử lý dữ liệu cá nhân. 4. Dữ liệu cá n",A,B,A,A,A,A,A,1.0,0.0,106,260,"Answer A provides a clear and accurate response to the question regarding the sale of personal data, aligning closely with the ground truth. Answer B, while mentioning relevant regulations, does not directly answer the question and is less concise.",openai_pairwise_judge
9,Dữ liệu cá nhân được lưu trữ trong bao lâu?,"Dữ liệu cá nhân chỉ được lưu trữ trong khoảng thời gian phù hợp với mục đích xử lý dữ liệu, trừ trường hợp pháp luật có quy định khác.","Đoạn văn này nằm trong tài liệu ""Nghi_dinh_13_2023_extracted.md"" và nói về quy định liên quan đến việc lưu trữ dữ liệu cá nhân. ện pháp kỹ thuật. 7. Dữ liệu cá nhân chỉ được lưu trữ trong khoảng thời gian phù hợp với mục đích xử lý dữ liệu, trừ trường hợp pháp",A,B,A,A,A,A,A,1.0,0.8,134,260,"Answer A provides a clear and concise response that directly addresses the question with factual accuracy. Answer B, while relevant, includes unnecessary information about the source document and is less concise.",openai_pairwise_judge
10,Vi phạm quy định bảo vệ dữ liệu cá nhân có thể bị xử lý thế nào?,"Vi phạm quy định bảo vệ dữ liệu cá nhân có thể bị xử lý kỷ luật, xử phạt vi phạm hành chính, hoặc xử lý hình sự tùy theo mức độ vi phạm.","Đoạn văn này nằm trong tài liệu ""Nghi_dinh_13_2023_extracted.md"" và nói về nguyên tắc xử lý vi phạm quy định bảo vệ dữ liệu cá nhân. guyên tắc xử lý dữ liệu đó. Điều 4. Xử lý vi phạm quy định bảo vệ dữ liệu cá nhân Cơ quan, tổ chức, cá nhân vi phạm quy định bả",A,B,A,A,A,A,A,10.0,5.0,136,260,"Answer A provides a clear and accurate response directly addressing the question about the consequences of violating personal data protection regulations, aligning closely with the ground truth. Answer B, while mentioning a document, does not directly answer the question and is incomplete.",openai_pairwise_judge
11,Ai thống nhất quản lý nhà nước về bảo vệ dữ liệu cá nhân?,Chính phủ thống nhất quản lý nhà nước về bảo vệ dữ liệu cá nhân.,"Đoạn văn này nằm trong tài liệu ""Nghi_dinh_13_2023_extracted.md"" và nói về chủ đề quản lý nhà nước về bảo vệ dữ liệu cá nhân. ạm hành chính, xử lý hình sự theo quy định. Điều 5. Quản lý nhà nước về bảo vệ dữ liệu cá nhân Chính phủ thống nhất quản lý nhà nước v",A,B,A,A,A,A,A,10.0,7.0,64,260,"Answer A is a direct and accurate restatement of the ground truth, while Answer B provides additional context but is less concise and includes irrelevant details.",openai_pairwise_judge
12,Nêu một hành vi bị nghiêm cấm theo Điều 8.,Một hành vi bị nghiêm cấm theo Điều 8 là xử lý dữ liệu cá nhân trái với quy định của pháp luật về bảo vệ dữ liệu cá nhân.,"Đoạn văn này nằm trong tài liệu ""Nghi_dinh_13_2023_extracted.md"" và nói về các quy định liên quan đến bảo vệ dữ liệu cá nhân, bao gồm các hành vi bị nghiêm cấm trong việc xử lý dữ liệu cá nhân. háp luật và thực tiễn bảo vệ dữ liệu cá nhân. 5. Chuyển giao công ",A,B,A,A,A,A,A,10.0,5.0,121,260,"Answer A directly and accurately states the prohibited behavior according to the ground truth, while Answer B provides irrelevant information and does not answer the question.",openai_pairwise_judge
13,Chủ thể dữ liệu có quyền phản đối xử lý dữ liệu để làm gì?,Chủ thể dữ liệu có quyền phản đối việc xử lý dữ liệu cá nhân của mình nhằm ngăn chặn hoặc hạn chế việc xử lý đó.,"Đoạn văn này nằm trong tài liệu ""Nghi_dinh_13_2023_extracted.md"" và nói về quyền của chủ thể dữ liệu trong việc phản đối việc xử lý dữ liệu cá nhân của họ. thân dữ liệu cá nhân của mình, trừ trường hợp luật có quy định khác. 8. Quyền phân đối xử lý dữ liệu a) ",A,B,A,A,A,A,A,3.0,1.0,112,260,"Answer A directly addresses the question by explaining the purpose of the right to object to data processing, aligning closely with the ground truth. Answer B, while mentioning the right to object, does not provide a clear or relevant explanation of its purpose and includes extraneous information.",openai_pairwise_judge
14,Yêu cầu hạn chế xử lý dữ liệu phải được thực hiện trong bao lâu?,"Việc hạn chế xử lý dữ liệu được thực hiện trong 72 giờ sau khi có yêu cầu của chủ thể dữ liệu, trừ trường hợp luật có quy định khác.","Đoạn văn nằm trong tài liệu ""Nghi_dinh_13_2023_extracted.md"" và nói về quyền hạn chế xử lý dữ liệu cá nhân theo quy định của pháp luật. dữ liệu cá nhân của mình, trừ trường hợp luật có quy định khác; b) Việc hạn chế xử lý dữ liệu được thực hiện trong 72 giờ sa",A,B,A,A,A,A,A,1.0,0.8,132,260,"Answer A provides a clear and direct response to the question with accurate information regarding the time frame for data processing limitation. Answer B, while relevant, is less concise and includes unnecessary context about the source document.",openai_pairwise_judge
15,Bên kiểm soát phải thực hiện yêu cầu phản đối xử lý dữ liệu trong bao lâu?,Không tìm thấy thông tin trong tài liệu.,"Đoạn văn này nằm trong tài liệu ""Nghi_dinh_13_2023_extracted.md"" và nói về quy định liên quan đến thời gian xử lý yêu cầu của chủ thể dữ liệu trong lĩnh vực kiểm soát và xử lý dữ liệu cá nhân. c Bên Kiểm soát dữ liệu cá nhân, Bên Kiểm soát và xử lý dữ liệu cá ",B,A,B,B,B,A,tie,0.0,2.0,40,260,"Answer B provides relevant context about the regulation and mentions the document source, while Answer A fails to provide any information.",openai_pairwise_judge
16,Một nghĩa vụ của chủ thể dữ liệu theo Điều 10 là gì?,Một nghĩa vụ của chủ thể dữ liệu theo Điều 10 là tự bảo vệ dữ liệu cá nhân của mình.,"Đoạn văn này nằm trong tài liệu ""Nghi_dinh_13_2023_extracted.md"" và nói về nghĩa vụ của chủ thể dữ liệu trong việc tự bảo vệ dữ liệu cá nhân theo quy định của Bộ luật Dân sự và Nghị định liên quan. ộ luật Dân sự, luật khác có liên quan và Nghị định này, hoặc y",B,B,A,tie,B,A,tie,2.0,4.0,84,260,"Answer B provides relevant context about the obligation of data subjects and references legal documents, while Answer A inaccurately states the obligation.",openai_pairwise_judge
17,Sự im lặng của chủ thể dữ liệu có được coi là đồng ý không?,Sự im lặng hoặc không phản hồi của chủ thể dữ liệu không được coi là sự đồng ý.,"Đoạn văn này nằm trong tài liệu ""Nghi_dinh_13_2023_extracted.md"" và nói về quy định liên quan đến sự đồng ý của chủ thể dữ liệu trong việc xử lý dữ liệu cá nhân. văn bản, bao gồm cả định dạng điện tử hoặc định dạng kiên chứng được. 6. Sự im lặng hoặc không phả",A,B,A,A,A,A,A,10.0,5.0,79,260,"Answer A directly and accurately addresses the question by stating that silence or lack of response is not considered consent, aligning perfectly with the ground truth. Answer B, while mentioning relevant context, does not provide a clear answer to the question and is less concise.",openai_pairwise_judge
18,Sự đồng ý hợp lệ cần chủ thể dữ liệu biết rõ những gì?,"Sự đồng ý hợp lệ cần chủ thể dữ liệu biết rõ các thông tin sau:  
a) Loại dữ liệu cá nhân được xử lý;  
b) Mục đích xử lý dữ liệu cá nhân;  
c) Tổ chức, cá nhân được xử lý dữ liệu cá nhân;  
d) Các quyền, nghĩa vụ của chủ thể dữ liệu.","Đoạn văn này nằm trong tài liệu ""Nghi_dinh_13_2023_extracted.md"" và nói về chủ đề sự đồng ý của chủ thể dữ liệu trong quy trình xử lý dữ liệu cá nhân. ủa chủ thể dữ liệu** 1. Sự đồng ý của chủ thể dữ liệu được áp dụng đối với tất cả các hoạt động trong quy trì",A,B,A,A,A,A,A,10.0,3.0,234,260,"Answer A provides a clear and accurate list of the information that the data subject needs to be aware of for valid consent, directly addressing the question. Answer B, however, does not answer the question and instead provides irrelevant context about a document.",openai_pairwise_judge
19,"Khi có tranh chấp, ai phải chứng minh sự đồng ý của chủ thể dữ liệu?","Bên Kiểm soát dữ liệu cá nhân, Bên Kiểm soát và xử lý dữ liệu cá nhân phải chứng minh sự đồng ý của chủ thể dữ liệu trong trường hợp có tranh chấp.","Đoạn văn này nằm trong tài liệu ""Nghi_dinh_13_2023_extracted.md"" và nói về trách nhiệm chứng minh sự đồng ý của chủ thể dữ liệu trong trường hợp có tranh chấp liên quan đến dữ liệu cá nhân. 10. Trong trường hợp hợp có tranh chấp, trách nhiệm chứng minh sự đồng",A,B,A,A,A,A,A,1.0,0.5,147,260,"Answer A directly addresses the question with accurate information about who must prove consent in disputes, while Answer B provides less relevant information and is incomplete.",openai_pairwise_judge
20,Rút lại sự đồng ý có làm mất tính hợp pháp của xử lý trước đó không?,Rút lại sự đồng ý không ảnh hưởng đến tính hợp pháp của việc xử lý dữ liệu đã được đồng ý trước đó.,"Đoạn văn này nằm trong tài liệu ""Nghi_dinh_13_2023_extracted.md"" và nói về quy định liên quan đến việc rút lại sự đồng ý trong xử lý dữ liệu cá nhân. g ý không ảnh hưởng đến tính hợp pháp của việc xử lý dữ liệu đã được đồng ý trước khi rút lại sự đồng ý. 2. Vi",A,B,A,A,A,A,A,10.0,8.0,99,260,"Answer A is concise and directly addresses the question with factual accuracy. Answer B, while relevant, includes unnecessary information about the source document and is less concise.",openai_pairwise_judge
21,Thông báo xử lý dữ liệu cá nhân được thực hiện khi nào?,Việc thông báo xử lý dữ liệu cá nhân được thực hiện một lần trước khi tiến hành đối với hoạt động.,"Đoạn văn này nằm trong tài liệu ""Nghi_dinh_13_2023_extracted.md"" và nói về chủ đề thông báo xử lý dữ liệu cá nhân. , Bên thứ ba phải ngừng và yêu cầu các tổ chức, cá nhân có liên quan ngừng xử lý dữ liệu của chủ thể dữ liệu đã rút lại sự đồng ý. **Điều 13. Thô",A,B,A,A,A,A,A,1.0,0.0,98,260,"Answer A provides a clear and accurate response to the question regarding when the notification of personal data processing is carried out, aligning closely with the ground truth. Answer B, while mentioning a related document, does not directly answer the question and includes irrelevant information",openai_pairwise_judge
22,Nêu một nội dung bắt buộc trong thông báo xử lý dữ liệu cá nhân.,Một nội dung bắt buộc trong thông báo xử lý dữ liệu cá nhân là mục đích xử lý.,"Đoạn văn này nằm trong tài liệu ""Nghi_dinh_13_2023_extracted.md"" và nói về việc thông báo cho chủ thể dữ liệu về các hoạt động xử lý dữ liệu cá nhân, bao gồm mục đích và loại dữ liệu cá nhân được sử dụng. c hiện một lần trước khi tiến hành đối với hoạt động xử",A,B,A,A,A,A,A,10.0,7.0,78,260,"Answer A directly states the required content in the notification about personal data processing, which is the purpose of processing. Answer B, while relevant, includes unnecessary details and is less concise.",openai_pairwise_judge
23,Việc cung cấp dữ liệu cá nhân cho chủ thể dữ liệu phải thực hiện trong bao lâu?,Không tìm thấy thông tin trong tài liệu.,"Đoạn văn này nằm trong tài liệu ""Nghi_dinh_13_2023_extracted.md"" và nói về quyền của chủ thể dữ liệu liên quan đến việc kiểm soát và xử lý dữ liệu cá nhân cũng như quyền khiếu nại, tố cáo, khởi kiện. Kiểm soát và xử lý dữ liệu cá nhân thực hiện yêu cầu của chủ",B,A,B,B,B,A,tie,0.0,2.0,40,260,"Answer B provides relevant context about data subject rights and mentions a specific document, while Answer A fails to provide any information related to the question.",openai_pairwise_judge
24,Một trường hợp không cung cấp dữ liệu cá nhân là gì?,"Một trường hợp không cung cấp dữ liệu cá nhân là khi việc cung cấp dữ liệu cá nhân gây tổn hại tới quốc phòng, an ninh quốc gia, trật tự an toàn xã hội.","Đoạn văn này nằm trong tài liệu ""Nghi_dinh_13_2023_extracted.md"" và nói về các trường hợp mà bên kiểm soát và xử lý dữ liệu cá nhân không được phép cung cấp dữ liệu cá nhân. cá nhân, Bên Kiểm soát và xử lý dữ liệu cá nhân không cung cấp dữ liệu cá nhân trong t",A,B,A,A,A,A,A,1.0,0.0,152,260,"Answer A directly and accurately states the ground truth, while Answer B is irrelevant and incomplete.",openai_pairwise_judge
25,Nếu không thể chỉnh sửa dữ liệu cá nhân thì phải thông báo sau bao lâu?,Thời gian thông báo cho chủ thể dữ liệu là 72 giờ kể từ khi nhận được yêu cầu chỉnh sửa dữ liệu cá nhân.,"Đoạn văn này nằm trong tài liệu ""Nghi_dinh_13_2023_extracted.md"" và nói về quy trình thông báo và chỉnh sửa dữ liệu cá nhân của chủ thể dữ liệu. ợp không thể thực hiện thì thông báo tới chủ thể dữ liệu sau 72 giờ kể khi nhận được yêu cầu chỉnh sửa dữ liệu cá n",A,B,A,A,A,A,A,1.0,0.5,104,260,"Answer A provides a clear and accurate response directly addressing the question, while Answer B is less concise and includes irrelevant information about the source document.",openai_pairwise_judge
26,Vì sao một RAG về Nghị định 13 cần vừa đo context precision vừa đo context recall?,"Context precision giúp phát hiện chunk nhiễu, còn context recall giúp phát hiện thiếu chunk liên quan; cả hai cùng chỉ ra retriever đang lấy đúng và đủ hay không.","Context precision giúp phát hiện chunk nhiễu, còn context recall giúp phát hiện thiếu chunk liên quan; cả hai cùng chỉ ra retriever đang lấy đúng và đủ hay không.",tie,tie,tie,tie,tie,A,tie,10.0,10.0,162,162,"Both answers are identical and accurately reflect the ground truth, providing relevant and concise information.",openai_pairwise_judge
27,"Nếu hệ thống trả lời đúng nhưng dẫn nhiều context không liên quan, metric nào nên được ưu tiên điều tra?","Nên điều tra context precision vì câu trả lời có thể đúng nhưng retriever vẫn trả về nhiều chunk nhiễu, làm tăng rủi ro hallucination về sau.","Nên điều tra context precision vì câu trả lời có thể đúng nhưng retriever vẫn trả về nhiều chunk nhiễu, làm tăng rủi ro hallucination về sau.",tie,tie,tie,tie,tie,A,tie,10.0,10.0,141,141,"Both answers are identical and accurately reflect the ground truth, providing relevant and concise information.",openai_pairwise_judge
28,"Khi Cohen's kappa thấp hơn 0.6, nhóm nên làm gì trước khi tin LLM judge?","Nhóm cần kiểm tra lại prompt judge, chuẩn hóa label A/B/tie, xem lại human labels và phân tích các bias như position bias hoặc length bias.","Nhóm cần kiểm tra lại prompt judge, chuẩn hóa label A/B/tie, xem lại human labels và phân tích các bias như position bias hoặc length bias.",tie,tie,tie,tie,tie,A,tie,10.0,10.0,139,139,Both answers are identical and accurately reflect the ground truth.,openai_pairwise_judge
29,Tại sao PII redaction nên chạy trước topic validator trong guardrail stack?,"PII redaction nên chạy trước để giảm nguy cơ lộ dữ liệu cá nhân trong các bước kiểm tra tiếp theo, kể cả khi câu hỏi bị từ chối vì off-topic.","PII redaction nên chạy trước để giảm nguy cơ lộ dữ liệu cá nhân trong các bước kiểm tra tiếp theo, kể cả khi câu hỏi bị từ chối vì off-topic.",tie,tie,tie,tie,tie,A,tie,10.0,10.0,141,141,Both answers are identical and accurately reflect the ground truth.,openai_pairwise_judge
30,"Nếu adversarial detector có false positive cao trên câu hỏi hợp lệ, tác động production là gì?","False positive cao làm người dùng hợp lệ bị chặn, giảm trải nghiệm và có thể khiến hệ thống không đạt SLO về availability hoặc refuse rate.","False positive cao làm người dùng hợp lệ bị chặn, giảm trải nghiệm và có thể khiến hệ thống không đạt SLO về availability hoặc refuse rate.",tie,tie,tie,tie,tie,A,tie,10.0,10.0,139,139,Both answers are identical and accurately reflect the ground truth.,openai_pairwise_judge
